{"cameraMode":{"drawMode":0,"name":"Shaded","section":"Shading Mode"},"sceneLighting":true,"audioPlay":false,"sceneViewState":{"m_AlwaysRefresh":false,"showFog":true,"showSkybox":true,"showFlares":true,"showImageEffects":true,"showParticleSystems":true,"showVisualEffectGraphs":true,"m_FxEnabled":true},"in2DMode":false,"pivot":{"x":0.9677001237869263,"y":0.7125368118286133,"z":0.24457865953445435},"rotation":{"x":-0.07385972887277603,"y":0.6510539650917053,"z":-0.0638827458024025,"w":-0.7527247071266174},"size":0.8690549731254578,"orthographic":false}