{"cameraMode":{"drawMode":0,"name":"Shaded","section":"Shading Mode"},"sceneLighting":true,"audioPlay":false,"sceneViewState":{"m_AlwaysRefresh":false,"showFog":true,"showSkybox":true,"showFlares":true,"showImageEffects":true,"showParticleSystems":true,"showVisualEffectGraphs":true,"m_FxEnabled":true},"in2DMode":false,"pivot":{"x":-0.8700000047683716,"y":-0.8059999942779541,"z":-0.8899999856948853},"rotation":{"x":-0.20136092603206635,"y":-0.02439074032008648,"z":0.005013605579733849,"w":-0.9792079925537109},"size":1.0385206937789918,"orthographic":false}