{"cameraMode":{"drawMode":0,"name":"Shaded","section":"Shading Mode"},"sceneLighting":true,"audioPlay":false,"sceneViewState":{"m_AlwaysRefresh":false,"showFog":true,"showSkybox":true,"showFlares":true,"showImageEffects":true,"showParticleSystems":true,"showVisualEffectGraphs":true,"m_FxEnabled":true},"in2DMode":false,"pivot":{"x":-1.2234106063842774,"y":-0.6312010288238525,"z":-0.7525564432144165},"rotation":{"x":-0.08951050788164139,"y":0.36374035477638247,"z":-0.03514028713107109,"w":-0.9265291094779968},"size":1.5179024934768677,"orthographic":false}